id;nombre;rut;edad;genero;fecha_inicio
0;April Gregory;12124659-K;33;Female;2008-12-09
1;Lori Ford;8079859-0;45;Female;2007-12-07
2;David Miller;19060824-K;61;Male;2012-09-15
3;Brandy White;12544272-0;25;Male;2011-01-15
4;Matthew Harris;18601007-0;68;Male;2000-05-22
5;Sarah Bradley;6680013-K;38;Female;2009-12-12
6;Casey Garcia;20035106-0;62;Female;2022-10-15
7;Tracy Vargas;7059485-K;72;Female;2014-10-26
8;Cody Lester;12154314-K;25;Female;2019-04-06
9;Tracy Morrison;13022707-K;30;Female;2022-10-15
10;Edward Holmes;17520448-K;50;Female;2022-06-11
11;Patricia Rodriguez;20799033-0;41;Female;2018-09-07
12;Erin King;20012012-K;64;Female;2018-12-09
13;Antonio Camacho;8931159-K;56;Female;2016-03-01
14;Mrs. Kelly Ray;6420919-0;25;Male;2014-05-09
15;William Rodriguez;10807920-0;48;Female;2008-12-30
16;Michael Rodriguez;7472957-K;64;Female;2003-10-06
17;Kaitlyn Schneider;10208233-K;67;Female;2002-01-02
18;Jared Perkins;7620753-K;32;Male;2005-01-21
19;Michael Bryant;19128122-K;70;Male;2018-05-20
20;James Johnson;12409262-K;38;Female;2001-05-21
21;Misty Lee;18852303-0;70;Female;2001-03-16
22;Zachary Marsh;20362498-K;32;Male;2010-02-04
23;Matthew Evans;17906172-K;39;Female;2003-02-10
24;Joseph Navarro;9416729-0;49;Male;2019-10-08
25;Allen Velez;17430773-0;39;Male;2004-06-30
26;Brad Williams;17993872-0;37;Female;2016-03-05
27;Jennifer Pennington;13208639-K;77;Female;2000-11-13
28;Debra Cooper;6304866-K;37;Female;2010-11-17
29;Andrea Martinez;7055656-K;64;Male;2006-08-09
30;Carlos Thompson;20290669-K;53;Male;2007-07-03
31;Erin Snyder;9338634-0;48;Male;2002-03-02
32;Catherine Osborn;9748485-0;64;Female;2006-12-29
33;Gerald Norton;7898340-0;59;Female;2020-11-04
34;Shawn Cobb;8014721-K;27;Male;2010-03-18
35;Joshua Freeman;18598728-K;65;Female;2021-08-01
36;Jeffrey Patel;7608502-0;39;Female;2015-12-07
37;Mrs. Angela Smith;19591644-K;30;Female;2017-12-25
38;Luke Mitchell;6688487-K;43;Male;2014-12-02
39;Crystal Hoffman;11125464-0;78;Male;2006-07-04
40;Crystal Walker;13410114-0;39;Female;2011-12-18
41;Tina Cox;12616242-K;72;Female;2004-01-31
42;Kimberly Lee;10844937-0;29;Male;2020-08-02
43;Gabriel Walker;20325395-0;29;Male;2017-01-09
44;Justin Ingram;9186153-0;60;Male;2015-07-24
45;Timothy Stone;13562585-K;63;Female;2000-09-28
46;Jacob Miller;17856172-K;76;Female;2000-08-07
47;Lisa Duncan;14769510-K;31;Female;2018-09-08
48;Michael Simon;13833588-0;61;Female;2017-04-05
49;Brianna Foster;10615428-0;76;Female;2019-04-14
50;Brandon Wilkinson;8014932-0;71;Male;2013-07-14
51;Christopher Garner;5529587-K;69;Male;2003-04-09
52;Vincent Tapia;5301468-0;69;Male;2021-06-13
53;David Hernandez;9718317-0;46;Female;2021-07-28
54;Terry Peck;9027478-K;44;Male;2020-01-20
55;Kyle Estes;6098456-0;41;Male;2005-03-11
56;Maria Smith;5009338-K;75;Female;2020-07-14
57;Patricia Bradley;17834704-0;39;Male;2011-10-21
58;Holly Goodwin;7369925-0;74;Female;2005-05-18
59;Jennifer Walters;11858942-K;46;Female;2013-08-03
60;Vicki Jordan;20759590-K;42;Male;2006-03-06
61;Jacob Gentry;19764786-0;32;Male;2020-04-10
62;Monique Rodriguez;18426406-K;58;Female;2002-05-07
63;Darren Ward;13670872-0;46;Female;2021-07-30
64;William Pratt;8982172-0;67;Female;2006-01-29
65;Denise Peck;6131258-K;26;Male;2012-03-18
66;Patrick Bell;9438571-K;35;Male;2017-11-14
67;Christian Villarreal;17049452-K;54;Female;2003-09-03
68;Dawn Sosa;13393483-0;28;Male;2022-06-21
69;Brittany Poole;11761598-K;72;Male;2019-12-22
70;Susan Edwards;16453073-K;30;Male;2006-07-17
71;Courtney Lee;17799588-K;68;Male;2020-01-15
72;Lisa Allen;11659189-0;27;Male;2000-09-22
73;Christopher Campbell;16386573-K;77;Male;2015-12-03
74;Tara Wolf;17907999-K;61;Male;2010-11-26
75;Andrew Avila;19952799-K;32;Male;2016-08-15
76;Jacob Cruz;16335891-0;78;Female;2022-08-26
77;Jonathan Roy;17816368-0;40;Male;2001-06-04
78;Martin Zimmerman;17875488-K;49;Female;2013-04-08
79;Karen Santos;9309986-0;46;Female;2004-05-19
80;Michelle Thompson;5329005-0;36;Female;2006-05-18
81;Crystal Myers;8724045-K;59;Male;2010-02-08
82;Timothy Parker;16492512-K;28;Male;2001-12-14
83;Jeremy Lawrence;7314856-K;47;Female;2016-10-26
84;Jillian Perry;6985657-K;53;Male;2018-09-10
85;Jared Murray;11808350-K;47;Female;2001-05-13
86;Michael Thomas;5040736-0;30;Female;2001-07-11
87;Jessica Martinez PhD;11478055-0;49;Female;2020-09-17
88;Christopher Brown;8410379-K;79;Male;2011-11-13
89;Michael Burnett;14500456-0;54;Male;2011-05-12
90;Tyler Gomez;10324025-K;27;Male;2012-02-23
91;James Perez;15563291-K;68;Male;2010-10-03
92;Shelley Clark;14008311-0;72;Male;2010-06-13
93;Michelle Cole;13946446-0;46;Female;2013-12-08
94;Amy Morrison;11975346-K;31;Male;2015-02-19
95;Zachary Johnson;17935419-0;33;Female;2021-01-14
96;Mariah Scott;18819523-K;26;Male;2013-09-04
97;Darlene Underwood;16729368-K;72;Female;2000-11-06
98;Reginald Harris;7781452-K;41;Female;2005-05-05
99;Ana Watson;14210132-K;48;Male;2011-01-07
100;Robert Mendoza;6326873-0;73;Male;2012-01-04
101;Kim Rodriguez;17681493-K;25;Female;2018-05-05
102;Deborah Riggs;15742238-K;46;Female;2009-12-08
103;Sharon Bell;11320024-0;78;Female;2009-03-06
104;Victoria Combs;15238393-K;52;Male;2013-01-17
105;Sandra Fuller;5520698-0;73;Male;2001-03-03
106;William Lowery;20030318-K;52;Male;2014-12-02
107;Mary Aguilar;5484836-0;26;Female;2011-10-17
108;Jessica Lang;8627721-0;26;Female;2007-12-28
109;Samuel Young;17865731-0;56;Male;2013-06-06
110;Thomas Pearson;6170323-0;66;Male;2008-10-12
111;Alexis Curry;12015034-K;68;Female;2013-04-12
112;Rebecca Myers;20845866-0;33;Male;2000-09-26
113;Jimmy Smith;15880550-0;69;Female;2017-12-03
114;Aaron Williams;5061018-K;38;Male;2016-06-07
115;Michael Park;9785970-0;74;Female;2009-08-16
116;Scott Cohen;7486755-K;72;Male;2018-06-27
117;Larry Holmes;7302828-K;33;Male;2008-02-13
118;Lori Young;10465519-0;62;Male;2001-01-06
119;Mitchell Fischer;16664034-K;33;Male;2001-01-15
120;John Todd;9873541-0;43;Female;2005-10-05
121;Tonya Wilson;14413025-K;76;Female;2010-02-22
122;Lacey Davenport;6677335-0;60;Male;2002-08-09
123;Deborah Mayer;9928289-K;64;Male;2015-11-17
124;Troy Bates;10069220-0;39;Female;2013-01-17
125;Deanna Rice;10852565-K;51;Female;2007-05-19
126;Juan Kennedy;10255564-0;36;Female;2019-12-19
127;Angela Collins;8762355-K;31;Female;2005-08-26
128;Elizabeth Nguyen;13582188-K;65;Male;2022-10-20
129;Steven Zuniga;14950759-0;64;Male;2006-06-18
130;Kristina Martinez;6528430-0;58;Male;2013-07-17
131;Amy Serrano;8216181-K;72;Male;2020-05-03
132;Katherine Barton;13245789-K;79;Female;2015-08-07
133;Sarah Reynolds;20015626-K;41;Female;2002-12-23
134;Brian Lee;13732262-0;40;Male;2000-08-23
135;Mr. David Ross;8771079-0;73;Male;2014-01-07
136;Troy Powell;6893171-0;36;Female;2003-12-16
137;Jennifer Herman;9095218-0;65;Male;2009-07-31
138;Rhonda Simpson;5475675-0;79;Male;2019-10-05
139;Pamela Taylor;12776579-K;48;Male;2011-08-26
140;Debra Vasquez;18046167-0;27;Male;2016-05-02
141;Adam Hall;20819426-K;71;Female;2001-03-05
142;Amanda Morgan;9841771-K;65;Female;2013-07-21
143;Heather Dunn;15787314-K;27;Male;2005-02-04
144;Robert Li;14616135-K;32;Male;2003-03-11
145;Jennifer Dickson;18095687-K;66;Male;2011-11-17
146;Karen Doyle DDS;19200396-0;78;Female;2006-09-25
147;Jason Wallace DDS;5230639-K;58;Female;2002-06-18
148;Dean Bruce;12247929-0;51;Female;2002-05-24
149;Brooke Mcintosh;12771525-0;42;Female;2006-10-12
150;David Charles;16290566-0;58;Male;2018-11-10
151;Joshua Le;7142183-0;53;Female;2017-12-08
152;Gary Johnson;16698844-0;50;Male;2018-02-23
153;Caroline Williams;20263948-K;39;Female;2007-10-18
154;Christina Bowen;7736451-0;58;Male;2003-12-15
155;Patricia Evans;7416964-0;58;Male;2004-11-25
156;Ann Matthews;20292300-0;75;Female;2009-12-10
157;Justin Stewart;16747260-0;64;Female;2000-03-27
158;Shaun Mendez;11205823-0;61;Female;2017-12-20
159;Stephen Murray;10163443-0;26;Female;2006-05-31
160;Jeanette Rogers;17029264-0;39;Male;2007-09-20
161;Andrea Garcia;15221616-K;48;Female;2012-06-01
162;Cathy Herring;16295659-0;46;Female;2017-02-10
163;James Larson;7279606-K;25;Female;2001-12-22
164;Alexander Tanner;15439065-K;31;Female;2009-06-21
165;Brandy Ferguson;7698935-0;30;Male;2020-12-22
166;Mr. Travis Villegas PhD;6129225-0;70;Female;2014-03-10
167;Patrick Ramirez;9995337-0;34;Male;2003-02-08
168;Ashley Fox;15560420-0;68;Male;2017-03-15
169;Katrina Nunez;11713516-0;37;Male;2002-07-23
170;Sandra Flores;14928135-0;59;Female;2013-02-16
171;Robert Owens;17306692-K;50;Male;2004-06-06
172;Jason Brown;16822988-K;31;Male;2004-01-04
173;Christina Cochran;7464362-0;30;Male;2018-12-08
174;Pamela Fields;18046237-K;27;Male;2009-12-07
175;Stacy Morrison;16729816-0;44;Male;2002-08-27
176;Aaron Washington;14324252-K;42;Male;2001-07-09
177;Brian Reed;11285357-0;30;Male;2012-07-09
178;Dr. Justin Figueroa;14527812-0;49;Female;2004-02-22
179;Melissa Gonzales;6781199-K;63;Female;2000-10-22
180;Dalton Coffey;14450192-0;28;Female;2014-08-13
181;Susan Hunt;17851588-K;37;Male;2002-08-18
182;Monica Cohen;7372391-K;44;Male;2017-12-15
183;David Zamora;10394898-0;49;Female;2011-03-08
184;Ashley Allen;5102920-0;43;Male;2012-06-05
185;Victor Johnson;15688061-K;71;Male;2007-08-17
186;Elizabeth Bolton;7260265-K;43;Male;2012-11-20
187;Mary Winters;11251042-K;52;Male;2003-12-24
188;Jason Mclean;9207429-K;73;Female;2018-07-20
189;Jeffrey Perry;6043528-K;59;Male;2014-03-09
190;Catherine Walters;10590258-K;28;Male;2017-03-15
191;Elizabeth Blanchard;14985994-0;47;Female;2010-12-31
192;David Gibson;8433994-0;27;Male;2012-06-03
193;Philip Quinn;17465059-0;59;Male;2012-03-12
194;Jesse Perez;19195594-K;73;Male;2007-04-06
195;Brian Adams;13700973-0;60;Female;2007-07-07
196;Thomas May;9458190-K;40;Female;2001-07-15
197;Shane Aguilar;9716251-K;43;Female;2011-09-04
198;Jessica Franklin;8394334-K;30;Female;2004-06-20
199;Daniel Davis;15136501-0;69;Female;2019-06-14
200;Jennifer Wright;8138255-0;41;Male;2004-07-22
201;Jeffrey Watkins;19898349-0;37;Male;2004-12-07
202;Jessica Lopez;18857125-K;58;Female;2008-02-10
203;Kathryn Watson MD;13742896-K;53;Male;2020-01-30
204;Dr. Ryan Hopkins;15483856-K;47;Female;2003-12-18
205;Maria Pearson;10936391-0;58;Male;2009-12-22
206;Kelly Butler;16700403-0;52;Female;2000-09-10
207;Brian Mata;5305399-K;55;Female;2008-02-10
208;James Orozco;14852307-K;42;Male;2022-01-31
209;Maria Kelley;10072582-K;51;Female;2008-08-03
210;Randy Morrow;18835334-K;35;Female;2018-03-11
211;Christy Chavez;8415045-K;69;Female;2016-08-09
212;Stanley Zhang;14523967-K;57;Female;2013-10-30
213;Wayne Jones;5269825-0;42;Female;2020-01-14
214;Sean Davis MD;17216834-0;34;Male;2014-03-11
215;Jennifer Levy;19117805-0;66;Male;2000-03-15
216;Roberto Evans;7265460-0;67;Female;2003-01-11
217;Laura Reed;18894141-0;54;Female;2012-02-24
218;Mr. Timothy Harding;5480349-0;58;Female;2007-10-11
219;Christine Reyes;14524551-0;68;Male;2001-08-15
220;Steven Jackson;7697070-0;59;Female;2017-03-04
221;Sydney Terrell;17957255-K;70;Female;2007-12-27
222;Henry Smith;16001733-0;50;Female;2003-10-17
223;Leonard Phillips;19120743-0;59;Male;2015-03-16
224;Richard Soto;14934475-0;76;Female;2012-02-19
225;Brandy Figueroa;9592654-0;56;Female;2018-06-20
226;Veronica Evans;5092629-0;45;Female;2000-12-13
227;Ashley Henderson;17414605-0;69;Male;2005-02-09
228;Charles Bryant;14766819-0;54;Male;2010-01-18
229;Emma Reyes;12661632-0;55;Male;2021-04-03
230;Jared Wright;14356269-0;68;Male;2006-05-19
231;Lisa Zavala;11123024-0;34;Male;2012-06-25
232;Cindy Durham;12564796-K;27;Female;2009-11-06
233;Andre Becker;6854813-K;70;Male;2019-07-30
234;Mike Jones;9177136-0;35;Male;2014-01-02
235;Brian Smith;16432191-0;79;Male;2005-08-01
236;Brittany White;6025369-K;61;Female;2011-03-26
237;Lisa Gardner;20790239-0;68;Female;2015-06-18
238;Heather Henry;20530866-0;56;Female;2003-07-10
239;Larry Barnes;13222334-K;62;Male;2002-06-30
240;Laura Simmons;13071653-K;46;Male;2001-04-07
241;Dawn Ford;14195509-K;36;Male;2016-08-25
242;Patrick Charles;7139317-0;25;Female;2009-09-25
243;David Lowe;16346846-K;46;Female;2001-01-19
244;Thomas Harrell;10599280-K;41;Female;2001-08-30
245;Elizabeth Davis;16436049-K;50;Female;2010-11-21
246;Mary Duncan;11240526-0;61;Female;2010-11-26
247;Hunter Allen;7573570-K;62;Male;2015-01-10
248;Patrick Bates;17494697-0;25;Female;2015-02-07
249;Miguel Lloyd;13742969-0;53;Female;2007-12-28
250;Colleen Harrison;13043596-0;35;Male;2004-02-21
251;Shawn Taylor;5653018-K;36;Female;2002-12-30
252;Katherine Phillips;14739622-0;65;Female;2010-12-13
253;Hannah Bennett;14951290-K;39;Female;2002-05-19
254;Joseph Mcintyre;19853248-K;43;Male;2013-10-17
255;Stephanie Beasley;19863193-0;31;Female;2011-09-03
256;Grace Martin;8512840-K;56;Female;2020-06-29
257;Jessica Torres;9222702-0;71;Female;2004-10-13
258;Bryan Conley;18515974-K;61;Female;2004-06-28
259;Crystal Pacheco;14584821-0;43;Female;2019-01-16
260;Veronica Arroyo;14681878-0;55;Male;2014-01-03
261;Stephen Peck;20182214-K;47;Female;2016-03-13
262;Justin Smith;12146597-K;27;Female;2018-06-01
263;Diane Koch;15818376-K;76;Male;2000-07-06
264;Cristian Vargas;5392712-0;62;Female;2022-11-29
265;Taylor Payne;7931190-K;36;Female;2017-04-20
266;Jonathan Allen;11067151-0;30;Female;2008-05-15
267;Chris Jones;9602582-K;51;Female;2018-03-27
268;Mr. Victor Pratt;7413518-0;40;Male;2022-07-07
269;Crystal Chapman;17220749-0;42;Female;2009-03-01
270;Dennis Hahn;11534872-0;64;Male;2020-05-02
271;Janet Romero;6157183-0;47;Male;2022-10-01
272;Kimberly Hall MD;17962497-K;76;Male;2014-06-12
273;Laurie Garcia;11226031-K;34;Male;2020-03-22
274;Danielle Navarro;7512451-K;31;Male;2006-07-27
275;Dennis Mayer;6864260-K;38;Male;2002-07-16
276;Rachel Peck;7711867-K;42;Female;2006-12-09
277;Steve Walker;7193231-0;53;Female;2022-12-19
278;Lorraine Hopkins;16526837-0;43;Male;2022-09-19
279;Daniel Young;5076140-K;52;Female;2001-10-11
280;Madeline Meyer;14044068-K;52;Female;2009-11-28
281;Tammy Chavez;16715947-0;42;Female;2007-11-10
282;Rebecca Holt;6130840-0;65;Male;2011-10-21
283;Antonio Collins;13553910-0;42;Male;2001-02-13
284;Scott Clayton;6715981-0;55;Male;2011-01-25
285;Chad Harris;19468154-0;43;Male;2010-11-23
286;William Holland;9718394-K;35;Female;2000-10-13
287;Gabriela Knight;8178816-K;49;Male;2003-04-29
288;Phyllis Nunez;11572348-0;32;Female;2009-02-06
289;Mark Francis;11241252-0;46;Female;2015-06-25
290;Timothy Edwards;19669545-K;45;Male;2010-07-16
291;Valerie Rhodes;5384451-0;58;Male;2009-01-30
292;James Davis;8070884-K;72;Male;2010-09-09
293;Jacob Hernandez;12925474-K;76;Female;2012-03-04
294;Kristen Green;18980855-K;27;Male;2018-06-20
295;Rebecca Yates;10992371-K;62;Male;2005-03-02
296;Heather Contreras;12609221-0;30;Male;2014-06-21
297;Thomas Garcia;19602887-0;58;Male;2012-05-20
298;Garrett Diaz;8534717-0;34;Female;2019-08-17
299;Eric Thomas;12837445-0;53;Female;2018-04-04
300;James Frank;19717717-0;68;Male;2020-10-11
301;Debra King;17832095-0;80;Female;2000-07-16
302;Katherine Ramos;17277217-K;78;Male;2022-01-20
303;Joseph Larson;17656112-K;38;Female;2020-07-22
304;Mark Walker;15023994-K;27;Female;2011-12-28
305;Andrea Harris;10534877-K;42;Female;2021-08-13
306;Janet Michael;8385235-0;31;Female;2003-09-19
307;Justin Baker;9073843-K;28;Male;2017-06-27
308;Anne Hunter;12848586-0;40;Female;2010-08-29
309;Cathy Moore;14977852-K;80;Female;2014-08-01
310;Samantha Jimenez;11083794-0;35;Female;2011-05-27
311;Eric Nolan;7988400-0;78;Female;2009-11-08
312;Andrew Miller;18523082-K;53;Female;2005-11-17
313;Corey Neal Jr.;19579433-K;65;Female;2008-01-13
314;Mr. James Brown;11923625-K;76;Female;2010-12-19
315;Jeffrey Riley;9238646-K;44;Male;2006-12-12
316;Maxwell Wilson;16359172-K;26;Male;2021-11-21
317;Susan Thompson;20800933-0;78;Female;2002-02-17
318;Amanda Vargas;9460399-0;56;Female;2001-08-11
319;Caitlin Jenkins;8045864-K;32;Female;2009-11-24
320;Steven Sanchez;7986818-K;80;Female;2020-12-05
321;Cody Webb;5849109-K;43;Male;2009-01-10
322;Angel Bradley;18534367-0;40;Male;2010-10-11
323;Johnny Walker;10278137-0;45;Male;2005-09-11
324;Linda Hurley;9625832-K;54;Female;2003-06-13
325;Laura Reid;6864289-0;33;Female;2021-10-19
326;Allen Stanley;18764856-0;46;Male;2010-03-31
327;Andrew Wilson;8983311-0;31;Male;2006-01-23
328;Kyle Fox;15300080-K;48;Male;2022-12-11
329;David Hendrix;10899652-K;73;Male;2008-04-20
330;Elizabeth Campbell;14337324-K;62;Male;2010-02-02
331;Brian Anderson;16362580-0;48;Female;2019-02-15
332;Logan Johnson;18245848-0;41;Male;2012-02-13
333;Laurie Miller;9762539-0;50;Female;2009-08-04
334;Zachary Smith;19229182-K;42;Female;2022-01-26
335;Jason Anderson;14124490-K;72;Female;2022-01-20
336;Joseph Molina;15327679-K;29;Male;2019-07-12
337;Charlene Cruz;18071483-0;45;Female;2022-03-27
338;Jacqueline Bryant;17461920-K;76;Male;2018-11-11
339;Timothy Duncan;16004271-0;31;Female;2011-05-23
340;Eric Nelson;9922153-K;60;Male;2001-12-05
341;Tiffany Johnson;12570303-0;54;Male;2006-11-23
342;Donna Johnson;7024359-0;59;Male;2005-03-10
343;Adrian Ashley;20084679-K;36;Female;2019-09-02
344;Adam Elliott;16106889-0;69;Male;2009-01-17
345;Alexandra Casey;18318263-0;65;Male;2004-02-01
346;Susan Long MD;19345868-0;48;Male;2014-11-15
347;Melissa Williamson;17613901-0;38;Male;2021-03-23
348;Brent Cox;18285581-K;36;Male;2016-01-20
349;Ariel Tran;15461254-0;25;Female;2008-09-24
350;Alec Clark;16036563-0;57;Female;2006-05-15
351;Sara Morales;6163434-K;74;Male;2003-06-24
352;Jeffrey Rivera;11083005-K;68;Female;2007-08-29
353;Natalie Carpenter;7845542-0;42;Female;2020-01-19
354;Elizabeth Scott;16040561-K;41;Male;2010-02-12
355;Tracy Cox;16783842-K;27;Male;2017-11-10
356;Louis Santiago;13621705-K;65;Female;2010-02-19
357;Paul Trujillo;12300704-K;65;Female;2018-08-13
358;Richard Becker;17893973-K;50;Female;2008-06-28
359;Dr. Nicole Martinez;8706494-K;29;Female;2015-04-16
360;Steven Williams;9198704-0;79;Female;2009-12-02
361;Seth Beck;18199220-0;72;Male;2002-10-27
362;Paula Wright;12229669-K;30;Female;2020-03-16
363;Heidi Hawkins;19467125-0;55;Male;2008-10-06
364;Renee Dominguez;20681009-K;51;Male;2016-01-03
365;Christopher Calderon;14866322-K;25;Female;2017-10-09
366;Michael Gilmore;13183935-K;78;Female;2017-09-27
367;Dana Wells;14510373-0;65;Female;2002-07-29
368;Robert Davis;19717224-0;64;Female;2013-05-29
369;Jessica Velazquez;19001010-K;52;Female;2019-05-13
370;Maureen Sosa;8072908-0;53;Male;2019-06-22
371;Anita Vazquez;20891729-K;68;Female;2020-04-03
372;Jacqueline Church;17080717-K;34;Male;2014-05-31
373;Linda Hernandez;12885481-K;28;Female;2013-02-26
374;John Carpenter;13895119-K;80;Female;2020-08-22
375;Timothy Santos;6721930-K;77;Female;2019-05-23
376;Brittany Lopez;19191681-0;63;Male;2003-09-22
377;William Goodman PhD;9358853-0;55;Male;2008-11-16
378;Brett Jenkins;8356522-K;29;Female;2013-08-08
379;Christina Ayala;16486259-0;34;Female;2007-05-27
380;Johnathan Arnold;17181086-K;75;Male;2001-01-03
381;Melinda Green;5443759-K;30;Male;2019-02-10
382;Denise Patterson;9080524-0;74;Female;2001-07-10
383;Laura Bryan;18046795-K;36;Female;2001-10-25
384;Kevin Adams;17341048-0;35;Female;2006-09-08
385;Diana Kim;6864442-K;60;Male;2003-09-06
386;Richard Alvarado;14957203-0;55;Male;2017-12-09
387;Benjamin Bryant;8795444-K;58;Male;2013-02-25
388;Joanna Rollins;5549271-0;47;Female;2013-06-20
389;Tina Williams;12647712-0;43;Male;2015-02-21
390;Rebecca Martinez DVM;7359814-0;80;Female;2017-02-13
391;Douglas Price;17644992-0;53;Female;2001-05-03
392;Mr. Brian Owens MD;12926056-0;45;Male;2019-07-15
393;Justin Matthews;14045597-0;77;Male;2009-08-11
394;Jose Miller;7050030-K;71;Male;2000-04-17
395;Sarah Jones;13164718-0;37;Female;2013-10-23
396;Lisa Ortiz;11604177-0;56;Female;2011-09-17
397;Margaret Simon;6067492-0;53;Female;2011-10-24
398;Kathy Knight;13285047-0;27;Female;2022-05-26
399;Logan Mason;14712930-K;47;Female;2011-02-10
400;Michael Mendoza;13396474-0;26;Male;2002-08-02
401;Matthew Noble;19890115-0;37;Female;2012-02-20
402;Monica Spears;10903842-0;31;Male;2022-12-18
403;Alexandra Weaver;12736069-0;30;Female;2016-08-14
404;Zachary Montoya;13257238-0;38;Female;2000-10-06
405;Brianna Baker;5083956-K;44;Male;2011-02-04
406;Patricia Wilson;14299350-0;34;Male;2022-04-08
407;Rebecca Stephens;9741115-0;52;Male;2005-06-02
408;Mrs. Nicole Turner;16474184-0;69;Female;2017-06-16
409;Christie Farmer;8748808-K;73;Male;2016-03-02
410;Lori Miller;5964329-K;28;Male;2020-04-10
411;James Simmons;19018693-K;72;Female;2004-09-07
412;Diana Carroll;9069690-0;52;Male;2020-01-25
413;Catherine Moore;20444179-K;31;Male;2009-04-08
414;Mr. Robert Gonzalez;6128928-K;57;Female;2006-11-20
415;Herbert Mullen;19775867-K;30;Male;2007-04-22
416;Anthony Woods;14279660-0;73;Female;2004-07-23
417;Chris Garcia;11483262-0;38;Male;2016-05-13
418;David Green;20107467-0;38;Male;2000-03-23
419;Laura Barnett;15395237-0;48;Female;2006-06-04
420;Katie Castro;20300979-K;70;Female;2004-01-20
421;Alyssa Gibson;13056356-K;58;Male;2002-01-27
422;Dakota Wilson;20189351-K;28;Male;2002-08-17
423;Anthony Sullivan;13637233-0;49;Male;2016-07-28
424;Dean Reed;19858684-0;52;Female;2019-04-13
425;Patricia Gray DVM;13758957-K;72;Female;2019-12-02
426;Nathan Powell;14759333-0;54;Male;2000-08-12
427;Taylor Robertson;8638512-0;67;Female;2011-05-28
428;Alexander Evans;11757014-0;31;Female;2002-07-03
429;Jamie Butler;16275340-0;41;Male;2011-12-04
430;Jose Garcia;16000088-0;79;Male;2022-08-20
431;Chelsey Johnson;7545876-K;27;Female;2019-03-29
432;Brian Jones;10955225-K;44;Male;2019-10-13
433;James Watson;12916807-0;58;Male;2017-06-10
434;Betty Allen;13757089-K;53;Female;2011-10-13
435;Dominic Bryan;10659444-0;76;Female;2016-03-29
436;Nicole Wilson;9095383-0;45;Female;2022-07-19
437;Clifford Christensen;19472433-0;78;Male;2009-03-02
438;Jonathan Norman;13311454-K;45;Female;2014-04-20
439;Janice Hughes;15739248-0;80;Male;2000-04-07
440;Lisa Hoffman;14113202-K;70;Male;2002-04-10
441;Christopher Lara;19149717-0;66;Male;2005-09-28
442;Patrick Solomon;12850283-K;59;Female;2002-12-04
443;Elizabeth Simmons;6431203-K;80;Male;2005-11-18
444;Rebecca Massey;10513056-K;56;Female;2005-02-04
445;Jennifer Richmond;13434163-K;73;Female;2016-10-01
446;Jeffrey Dawson;20684556-K;50;Female;2001-04-26
447;Nathan Jones;6711974-0;28;Male;2007-06-14
448;Kristen Anderson;7810543-0;42;Male;2017-09-17
449;Mark Cardenas;10282808-0;68;Male;2017-07-06
450;Heather Smith;9769315-0;51;Male;2002-06-05
451;Eric Barrett;7685564-K;75;Male;2005-12-17
452;Cynthia Harris;16511191-0;46;Female;2003-10-20
453;Patricia Smith;6394854-0;47;Male;2004-01-20
454;William Thomas;19141378-K;58;Male;2006-07-02
455;Joshua Martin;16187745-K;58;Female;2018-04-12
456;Jamie Hammond;7177320-K;29;Male;2006-04-17
457;Anthony Anderson;8835275-K;63;Male;2000-10-27
458;John Hernandez;15703870-0;55;Male;2017-02-05
459;Brenda Lee;19423566-0;49;Female;2020-12-27
460;Amber Bowen;7920377-0;63;Male;2009-10-25
461;David Rivera;18425527-0;79;Male;2017-11-14
462;Katrina Blackwell;13937021-0;29;Male;2000-12-21
463;Tiffany Meyers;20992757-K;45;Male;2018-12-28
464;Martha Johnson;17519124-K;78;Male;2022-08-05
465;Taylor Ramirez;18160830-K;42;Male;2003-10-21
466;William Wilson;13868850-0;51;Female;2003-10-02
467;Julie Wilson;9562839-0;31;Female;2022-10-31
468;John Bowers;10101579-K;33;Female;2015-10-04
469;Jonathan Villa;8599316-0;58;Male;2020-05-31
470;Jacob Richard;14697276-K;39;Male;2011-09-13
471;Kimberly Morales;10643788-K;68;Female;2019-05-19
472;Kimberly Pierce MD;19509856-0;67;Male;2004-03-29
473;Todd Mason;10948195-K;44;Male;2005-10-17
474;Kelli Stephenson;6904320-K;48;Female;2022-02-13
475;Justin Burnett;10222006-0;37;Male;2020-12-18
476;Kari Wolfe;15336542-0;65;Female;2001-08-13
477;Vincent Lewis;19738685-K;36;Female;2010-09-10
478;Susan Mcdonald;11244391-K;41;Male;2019-05-05
479;Annette Johnson;19968144-0;28;Female;2010-03-14
480;Paul Johnson;11918230-K;27;Female;2006-07-09
481;Brandon Porter;19600846-K;52;Female;2020-07-08
482;James Chang;8831894-K;71;Male;2011-03-02
483;Steven Webb;13594430-K;39;Female;2002-09-06
484;Ricky Torres;10303485-0;52;Male;2004-08-06
485;Cheryl Allen;11133042-K;55;Female;2004-09-04
486;Jordan Murphy;20231249-K;65;Female;2016-11-03
487;Christopher Murray;8106340-K;48;Male;2002-07-24
488;Claire Burns;11858183-0;25;Female;2011-04-04
489;Sara Mccarthy;13676308-0;61;Female;2019-06-26
490;Alan Torres Jr.;18725236-K;43;Male;2011-05-23
491;Jessica Cox;10780054-K;36;Female;2021-01-03
492;Shelby Morgan;13676253-K;74;Male;2005-03-22
493;Andrea Serrano;16615210-0;75;Female;2003-02-17
494;Mr. Juan Reynolds;8266338-0;56;Male;2000-07-07
495;Jamie Brown;17003266-K;47;Female;2011-04-19
496;Kristine Shaw;14417050-K;35;Male;2019-11-01
497;Jeffrey Johnson;11671817-K;34;Male;2005-01-19
498;Amy Oconnell;16939615-0;79;Female;2013-09-26
499;Matthew Burch;18688690-0;36;Female;2003-04-22
500;Matthew Rodriguez;9984984-0;61;Male;2021-02-05
501;Robert Fox;9049700-0;36;Female;2013-10-28
502;Greg Romero;6168645-K;47;Female;2017-08-10
503;Christopher Jennings;10470611-K;65;Female;2013-06-02
504;Caitlin Harris;15437358-0;63;Female;2015-10-28
505;Heidi Morse;7787314-K;33;Female;2012-12-11
506;Ashley Jones;12942988-0;51;Female;2017-05-05
507;Stephanie Cox MD;17172657-K;57;Female;2003-07-11
508;Micheal Obrien;9317970-0;79;Male;2021-05-30
509;Victoria Adams;19852306-K;37;Female;2000-03-11
510;Daniel Wilson;20849220-0;57;Male;2010-09-22
511;Daniel Chavez;20024243-K;74;Female;2015-05-23
512;Jasmine Valenzuela;17952828-0;39;Female;2018-05-06
513;Laura Mitchell;14888448-K;47;Female;2022-08-19
514;Bryan Stewart;18888657-0;76;Female;2017-01-21
515;Kimberly Tran;5896101-0;29;Female;2007-08-02
516;Alex Taylor;8756579-K;80;Male;2001-01-27
517;Eric Ayers;7560691-0;69;Female;2015-03-02
518;Timothy Booth;15809114-0;47;Male;2015-05-01
519;Catherine Williams;10409666-K;74;Female;2015-05-10
520;Tiffany Murray;11875970-K;40;Female;2012-01-20
521;Stephen Pearson;13021920-K;29;Male;2011-10-20
522;Jesse Smith;15062917-K;80;Male;2014-11-16
523;Kimberly Lindsey;20999907-0;62;Female;2017-03-12
524;Joseph Lee;18697634-0;70;Female;2012-08-08
525;Cassandra Boyd;14696801-0;59;Female;2022-02-10
526;John Taylor;18019599-K;35;Male;2004-06-20
527;Brenda Thompson;18080562-K;36;Male;2002-07-24
528;Michael Gill;5447603-0;61;Female;2018-05-20
529;Michael Peterson;15557692-0;58;Female;2000-10-20
530;Gordon Garrison;10492945-0;47;Female;2017-05-11
531;Matthew Wallace;8955208-K;39;Female;2019-06-29
532;Thomas Rose;18372611-K;80;Female;2009-12-14
533;Chad Davis;12949775-K;30;Male;2006-06-06
534;Tracy Smith;7357312-0;56;Male;2017-09-04
535;Kevin Nguyen;11455213-K;72;Male;2012-12-28
536;Jesus Harris;8599109-K;42;Male;2001-12-14
537;Jasmine Gibson;19508587-0;73;Female;2021-02-25
538;Joshua Ferguson;18724030-0;76;Male;2004-09-18
539;Carrie Price;9797828-K;34;Male;2013-01-18
540;Noah Brown;5181445-0;33;Female;2003-04-10
541;Daniel Frazier;17449727-K;58;Female;2017-12-21
542;Krista Harrell;9305300-0;68;Male;2015-06-28
543;Mitchell Peterson;13881147-K;41;Male;2014-09-09
544;Sara Thompson;9415732-K;33;Female;2002-01-23
545;Randy Herrera;9413059-0;58;Female;2009-02-25
546;Joy Gutierrez;14470130-0;34;Male;2008-12-01
547;Jeffrey Smith;7930880-0;38;Male;2003-09-30
548;Courtney Baker;14686433-0;60;Female;2008-08-30
549;Terry Scott;14075421-K;45;Female;2005-03-29
550;Gregory Dickson;15463110-0;37;Female;2006-07-07
551;Charles Berg;18007773-0;43;Male;2022-09-22
552;Robin Lee;18061213-0;47;Female;2007-03-05
553;Adrian Miller;15946593-K;31;Female;2000-08-30
554;Joe Williams;12061683-0;46;Female;2002-08-28
555;Jeffery Little;5849924-0;72;Male;2011-12-29
556;Kyle Meadows;13517709-0;56;Male;2005-09-30
557;Jesse Mullen;13306250-K;77;Female;2017-08-11
558;Erica Nichols;10706510-K;58;Female;2005-12-28
559;Rachael Stark;20214354-0;62;Female;2001-06-20
560;Holly Robinson MD;10261648-0;41;Male;2014-04-20
561;Bryan Montes;8571222-0;77;Male;2001-09-10
562;Carl Pruitt;17025959-K;33;Male;2006-06-26
563;Douglas Brown;20444512-K;69;Female;2007-07-30
564;Julie Pacheco;8591522-K;45;Male;2016-02-24
565;Sherry Gonzales;20417886-K;54;Female;2009-10-01
566;Cynthia Miller;8114727-0;75;Female;2015-11-18
567;Craig Parker;15275663-0;25;Female;2006-03-23
568;Tanya Singh;15748261-K;36;Female;2005-09-21
569;Thomas Rivera;18490637-0;54;Male;2012-12-19
570;Samantha Perez;18691569-0;51;Male;2001-05-29
571;Laurie Owen;5247370-K;62;Female;2000-05-18
572;Ryan Gordon;6559028-K;27;Female;2018-12-02
573;Shannon Nelson;11699475-0;47;Female;2002-01-06
574;Kelsey Benjamin;20756614-0;48;Male;2015-11-18
575;Michael Noble;14938401-K;78;Male;2016-01-09
576;Michael Herrera;8658367-0;66;Male;2012-10-29
577;Laura Myers;7278150-0;73;Male;2002-08-01
578;Casey Mcclure;8487286-K;73;Male;2009-12-20
579;Timothy Harris;13264501-K;49;Female;2002-12-01
580;Robert Goodwin;6227627-K;64;Female;2003-11-23
581;Vernon Gray;11679685-K;78;Female;2021-07-02
582;Curtis Shepard;5251708-K;76;Female;2004-10-26
583;Rodney Green Jr.;18424611-0;38;Male;2013-10-03
584;Travis Welch;18816500-0;56;Male;2001-01-28
585;Kelly Stephens;6195297-K;50;Female;2021-12-19
586;Scott Randolph;16377919-K;27;Male;2008-03-10
587;Trevor Boone;7326012-0;72;Male;2014-12-08
588;Katie Smith;12136653-K;42;Male;2006-12-08
589;Cody Leblanc;7987922-0;71;Female;2020-05-14
590;Samuel Thompson;12747158-0;50;Male;2019-08-14
591;Julie Brown;6534671-0;26;Male;2022-01-22
592;Connie Alvarez;12999026-0;65;Female;2016-04-20
593;Andrew Miller;15944585-K;75;Male;2001-05-06
594;Caitlin Martin;13869896-K;47;Female;2022-10-06
595;Dr. Claire Lopez;20282425-K;26;Female;2005-04-27
596;Mrs. Brandi Padilla;10491449-0;66;Female;2004-01-05
597;Wendy Nichols;7335270-K;56;Male;2014-11-05
598;William Taylor;7026005-K;45;Female;2008-07-04
599;Karen Fuentes;10929688-0;78;Female;2010-09-01
600;Thomas Mcknight;15197412-K;69;Female;2006-06-26
601;Robert Fisher;20524452-0;68;Female;2004-03-18
602;Alexis Cooper;5288385-K;68;Female;2015-07-04
603;Allison Combs;9658762-K;49;Male;2008-03-16
604;Robin Hale;6166851-0;59;Male;2016-07-06
605;Brandon Olsen;18833116-K;36;Female;2001-06-04
606;Jessica Sanchez;17222105-0;80;Female;2010-05-29
607;Brian Green;15219544-0;67;Female;2005-01-13
608;Sabrina Lamb;6206152-0;66;Male;2015-10-30
609;Jennifer Diaz;15620894-K;63;Male;2011-05-06
610;Michelle Wilson;8321479-K;54;Male;2011-10-31
611;Victor Anthony;8544073-K;32;Male;2010-04-07
612;Robert Harrison;9536753-K;47;Male;2022-05-04
613;Frank Obrien;7722595-0;77;Female;2002-12-09
614;Dwayne Turner;6277005-0;66;Female;2022-09-28
615;Fernando Hernandez;17257400-K;27;Male;2001-11-23
616;Gabriella Delgado;12338739-K;80;Male;2001-09-28
617;Jessica Walker;15487599-0;50;Male;2021-08-25
618;Ann Roberts;17146372-0;73;Male;2016-07-25
619;Peter Cardenas;5781686-K;46;Female;2009-03-02
620;Cynthia Spence;6652887-0;32;Male;2009-06-21
621;Adrienne Smith;13359480-K;57;Male;2001-08-13
622;Jeffrey Bowen;13543600-0;41;Male;2007-01-27
623;Andrew Gallagher;19801492-K;53;Male;2022-12-09
624;Stephanie Johnson;15754021-0;69;Male;2009-01-20
625;Edgar Franklin;17072098-0;74;Male;2001-02-16
626;Matthew Zimmerman;15273049-0;33;Male;2007-09-11
627;Holly Elliott;9856379-K;51;Male;2018-04-30
628;Robert Sawyer;19456317-K;68;Female;2012-10-22
629;Sandra Osborne;17185444-0;37;Male;2017-04-10
630;Melissa Lee;16681730-K;36;Female;2009-01-05
631;Erin Mills;15885250-0;38;Female;2016-05-22
632;Rhonda Martin;14580827-K;52;Male;2011-07-18
633;James Baker;18405361-0;56;Male;2005-04-18
634;Tammy Love;13366662-0;44;Female;2005-03-25
635;Melissa Roberts;12682128-K;42;Male;2001-08-10
636;Carlos Berg MD;14932133-0;59;Female;2009-12-04
637;Noah Cardenas;14890684-0;39;Female;2015-06-29
638;Devin Mcdaniel;17440525-K;57;Male;2021-05-27
639;Stephanie Boone;10438978-K;62;Female;2020-12-15
640;John Rodriguez;11618962-0;53;Female;2011-02-25
641;Debra Green;6692439-K;53;Female;2017-08-11
642;Mr. Gabriel Jones MD;7866413-0;78;Female;2005-06-06
643;Reginald Robertson;14072708-K;76;Female;2017-10-13
644;Troy Wiley;11855791-0;44;Male;2000-03-20
645;Darren Zamora;10887729-K;54;Female;2002-12-21
646;Sarah Gardner;18788917-K;55;Female;2015-09-11
647;Amy Bell;20634816-K;48;Male;2007-07-03
648;Sara Kelley;5413390-0;28;Female;2020-03-28
649;James Lee;5253876-0;70;Male;2000-11-21
650;Ashley Molina;5680093-K;67;Female;2019-11-07
651;Bryan Doyle;13082121-0;65;Male;2013-02-14
652;Donna Holder;20161058-K;40;Male;2001-09-22
653;Deborah Parsons;11225967-0;60;Male;2022-06-05
654;Lindsey Garcia;13565121-K;25;Female;2006-09-24
655;Adam Moore;12212897-0;58;Female;2007-09-10
656;Nathan Paul;12798555-K;28;Female;2000-10-07
657;Lori Reyes;20913571-K;59;Female;2016-01-29
658;Matthew Rodriguez;12182143-K;56;Female;2014-01-04
659;David Wilcox;18214359-K;56;Male;2001-03-19
660;David Sharp;11920693-K;59;Female;2013-04-19
661;Craig Sullivan;11929189-K;67;Male;2001-04-16
662;Christopher Moore;18034963-K;64;Male;2021-07-29
663;Joel Castillo;5874472-K;36;Male;2019-04-27
664;Stephen Smith;5599766-K;47;Male;2017-01-02
665;Andrew Murray;8306761-K;26;Female;2002-11-22
666;Alicia Roy;20668981-K;50;Female;2022-07-11
667;Randy Turner;11256308-K;47;Female;2009-12-21
668;Crystal Johnson;13500649-K;77;Female;2021-06-07
669;Christina Hampton;9036201-K;67;Male;2002-06-24
670;Jennifer Mcknight;9021017-0;59;Female;2010-06-13
671;Jose Lee;20703632-0;26;Male;2005-05-16
672;Cassandra Contreras;10453192-0;50;Male;2012-04-30
673;Joshua Christian;15842717-K;57;Female;2009-02-14
674;Laurie Roy;12395391-K;67;Male;2015-11-06
675;Nancy Lee;9712031-K;64;Female;2019-09-01
676;Karen Kramer DVM;16808647-0;40;Male;2014-11-13
677;Pamela Hughes;7877836-0;71;Female;2008-08-19
678;Cindy Fisher;7358119-0;52;Female;2018-03-15
679;Jessica Atkinson;15918817-0;36;Female;2018-04-15
680;Katherine Diaz;9528330-0;66;Male;2009-03-29
681;Rhonda Stevenson;14312329-K;30;Male;2013-12-10
682;Ashley Curtis;10886253-0;27;Male;2000-10-22
683;Jade Butler;15469576-K;56;Male;2001-08-05
684;Connie Watkins;8821386-K;40;Male;2005-04-21
685;Courtney Brewer;17881618-0;47;Female;2002-06-28
686;Yolanda Moore;20938890-K;73;Male;2020-02-22
687;April Mills;20483508-K;74;Male;2014-06-15
688;Tracy Allen;7045609-0;37;Male;2010-09-20
689;John Archer;15186908-0;80;Male;2010-07-04
690;Donna Gomez;12762799-0;78;Male;2005-09-23
691;Brandon White;10623037-0;71;Female;2010-12-24
692;James Winters;13727156-K;25;Female;2014-12-17
693;Nicole Gay;14293018-0;75;Female;2004-08-29
694;Shelly Pratt;5282546-K;53;Male;2008-06-10
695;Ashley Jordan;6630227-0;80;Male;2003-05-29
696;Alexa Powell;10685251-0;48;Female;2003-03-20
697;Katelyn Woods;7830895-0;49;Female;2009-09-13
698;Diana Carey;18609500-0;45;Male;2005-10-16
699;Sharon Butler;6498809-0;71;Female;2002-07-08
700;Troy Proctor;5385558-0;74;Female;2015-06-16
701;Curtis Bradford;6925368-0;75;Female;2016-07-11
702;Carl Davis;12366565-K;48;Female;2016-06-28
703;Terry Dennis;10876386-0;45;Male;2021-05-17
704;Christopher Kelly;10915393-K;30;Female;2008-03-23
705;Kenneth Adams;16123147-0;79;Female;2017-03-07
706;April Freeman;12209910-0;72;Female;2007-08-27
707;Samantha Andrews;17924534-0;59;Female;2022-08-31
708;Robert Richardson;11870422-K;75;Male;2014-01-06
709;Julie French;14762999-0;43;Female;2011-12-15
710;Julie Little;20414913-0;35;Female;2001-08-31
711;Richard Nguyen;7628795-0;62;Male;2004-11-13
712;Tracy Robles;9683105-K;59;Male;2002-12-01
713;Julia Marks;12505681-K;53;Female;2018-02-08
714;Steven Ramirez;11240960-0;38;Female;2010-08-11
715;Emily Doyle;8703081-0;51;Female;2000-09-15
716;Matthew Jimenez;11251836-0;35;Female;2001-10-02
717;Elaine Coleman;17003542-0;48;Female;2017-10-21
718;Juan Logan;11791764-0;45;Female;2022-10-19
719;Mark Herrera;12261963-0;49;Female;2019-11-26
720;Virginia Brooks;14879761-K;53;Male;2006-07-02
721;Monica Malone;19025211-0;31;Male;2013-05-03
722;Terry Cherry;18369352-0;28;Female;2017-04-19
723;Christopher Wagner;8473592-K;54;Female;2016-02-24
724;Thomas Long;18549656-K;63;Female;2004-08-11
725;Kiara Roman;10023766-K;44;Male;2021-06-14
726;Brandon Obrien;18137416-K;62;Male;2009-04-24
727;Kevin Marsh Jr.;12810149-K;40;Male;2012-02-13
728;Victor Cunningham;14320981-0;60;Female;2002-03-27
729;Mrs. Jean Thomas;13584383-0;39;Female;2013-10-09
730;Cynthia Bryant;18826166-0;65;Female;2013-05-27
731;Thomas Reyes;18672026-0;65;Male;2003-10-07
732;Amy Silva;14446118-0;25;Male;2022-03-02
733;Anthony Salazar;19657129-0;39;Female;2016-09-05
734;Jose Herrera;18278529-0;63;Female;2022-09-02
735;Brianna Moon;14453346-0;43;Female;2006-05-31
736;Jeremiah Galvan;8157496-K;46;Male;2006-07-17
737;Scott Wilson;7491714-K;38;Female;2000-11-12
738;Henry Miller;15368875-0;25;Male;2002-04-27
739;Sara Bartlett;14033401-0;64;Female;2001-10-18
740;Tyler Shea;19944356-K;36;Female;2012-12-02
741;William Carlson;20683912-K;33;Female;2021-10-12
742;Pamela Camacho;16736488-0;27;Female;2005-11-01
743;Sarah Cruz;8194506-0;65;Male;2013-06-09
744;Charlotte Paul;15744195-K;80;Male;2013-03-28
745;Mr. Keith Carlson;5370917-K;42;Female;2005-07-26
746;Victoria Cole;5597571-0;79;Male;2020-10-06
747;Christopher Chavez;14620003-0;38;Male;2005-02-02
748;Kyle Pace;18003138-K;50;Female;2001-11-06
749;Angela Harris;7855942-K;44;Female;2006-01-28
750;Amanda Torres;11155216-K;75;Male;2000-11-15
751;Elizabeth Cline;9932964-K;50;Female;2015-08-29
752;Theresa Flores;13709306-K;36;Male;2013-04-30
753;Kimberly Stewart;11673014-0;78;Male;2020-07-19
754;Terri Knight;8105936-K;69;Female;2016-11-13
755;Joshua Miller;15952688-0;47;Male;2005-03-25
756;Daniel Hayes;17666809-K;64;Male;2019-11-13
757;Debra Palmer;6280764-0;61;Male;2022-12-02
758;Eric Le;13805602-K;44;Female;2022-07-29
759;Laura Sanders;19105893-0;64;Male;2000-07-19
760;Anita Summers;7005408-0;28;Male;2008-09-19
761;John White;10848692-K;71;Female;2014-12-15
762;Devin Murray;10709412-K;67;Male;2003-01-14
763;David Arnold;5667506-0;72;Female;2015-08-28
764;Christopher Cook;14096643-0;28;Male;2019-12-31
765;Aaron Leonard;13253334-0;30;Male;2012-05-31
766;Suzanne Montoya;14988714-0;60;Female;2016-01-27
767;Brian Wilson;18194955-K;46;Female;2015-05-18
768;Robert Johnson;12543410-0;51;Female;2022-01-08
769;James Rodriguez Jr.;15548132-0;67;Female;2013-03-02
770;Joshua Short;6278021-0;43;Female;2003-10-17
771;Samantha Lester;5546185-K;51;Male;2014-08-07
772;Tom Lindsey;7102055-K;25;Female;2021-10-23
773;Stacy Hernandez;17253276-K;53;Male;2012-03-19
774;Courtney Shannon;9884844-0;54;Male;2008-02-16
775;Amanda Tran;13363803-0;38;Female;2000-07-11
776;Robert Anderson;12054478-K;45;Male;2005-05-09
777;Eric Barnes;5765110-K;28;Male;2016-10-05
778;Douglas Smith;6321996-K;71;Male;2013-05-21
779;Christopher Robinson;5652030-0;37;Female;2008-11-11
780;Timothy Wilson;6892164-K;70;Male;2021-03-19
781;Terri Patterson;16507936-0;39;Female;2007-12-09
782;Mr. Jeffery Francis;16715274-0;39;Male;2014-10-06
783;Elizabeth Johnson;12216457-K;44;Female;2017-07-31
784;Willie Long;16117141-K;72;Female;2018-06-04
785;Daniel Lindsey;6777677-0;71;Male;2009-06-02
786;Ryan Myers;11070277-0;25;Female;2013-08-04
787;Angela Sellers;15530149-K;67;Male;2019-02-03
788;James Howell;7050891-K;58;Male;2020-03-13
789;Michelle Davis;12959324-K;40;Female;2002-07-24
790;Hector Gomez;8897892-K;35;Female;2014-12-29
791;Kathryn Stanton;19014184-K;62;Male;2014-02-20
792;Sherry Murphy;5620016-K;38;Female;2001-08-20
793;Brenda King;14180688-K;38;Female;2018-02-11
794;Ashley Mclean;8492538-K;64;Male;2022-10-05
795;Ariel Zimmerman;5963426-0;66;Male;2000-09-04
796;Charles Brown;9827576-K;36;Male;2017-07-27
797;Richard Walters;10665355-K;50;Female;2005-03-01
798;Douglas Brown;13794813-K;57;Female;2003-11-04
799;Connor Combs;8336720-0;67;Male;2008-02-05
800;Stephen Washington;7437587-0;42;Female;2022-05-25
801;Nathan Baker;18716510-K;47;Male;2018-08-07
802;Rebecca Garcia;20471609-K;80;Female;2022-10-29
803;Carla Gill;8734953-0;54;Female;2011-10-04
804;Erin Johnson;11755983-K;40;Male;2016-11-05
805;Maria Williams;8124682-K;33;Female;2014-04-05
806;Jamie Howard;5209699-K;63;Female;2015-01-19
807;Raymond Conley;10948513-K;42;Female;2003-12-27
808;Steven Anderson;19900893-K;34;Female;2018-07-09
809;Michael George;9018210-K;62;Female;2010-02-25
810;Elizabeth Myers;5037063-K;62;Male;2006-07-19
811;Christy Brown;9020310-0;50;Female;2007-12-14
812;Mrs. Julie Patrick DVM;14175647-K;77;Male;2008-11-20
813;Larry Ingram;12190839-0;54;Male;2007-09-02
814;Richard Morrison;19608156-0;36;Female;2007-05-12
815;Rebecca Soto;14461586-K;44;Female;2006-02-03
816;Jennifer Wood;11287954-K;35;Female;2003-11-10
817;Rachel Cummings;9682136-K;57;Female;2015-09-18
818;Daniel Smith;17957443-K;36;Male;2012-07-29
819;Joseph Bolton;17603841-0;63;Male;2000-08-19
820;Denise Mckinney;6006473-K;36;Female;2020-11-01
821;Jacob York;11167770-0;48;Male;2013-05-08
822;Michael Jones;14260814-0;67;Female;2006-11-01
823;Adam Hayes;20825717-0;65;Female;2021-03-25
824;Shannon Parks;18284050-0;57;Male;2008-12-21
825;Carol Baker DDS;18267688-K;35;Female;2008-09-13
826;Caitlyn Ortega;17015382-K;34;Male;2007-07-29
827;Joseph Green;9221665-0;36;Female;2019-06-15
828;Lisa Glenn;19243011-0;27;Female;2001-08-12
829;Jennifer Stone;10392030-K;43;Male;2011-10-09
830;Blake Montgomery;14330290-K;80;Female;2018-02-24
831;Chelsea Castaneda;17208739-0;60;Female;2020-07-12
832;Michael Campbell;14096778-0;47;Female;2015-01-19
833;James Walters;11023447-0;73;Female;2022-05-26
834;Elizabeth Mccormick;12518015-K;61;Male;2015-06-25
835;Lynn Brown;9516543-0;64;Male;2001-08-21
836;Lisa Jones;16597413-K;80;Male;2006-01-18
837;Ashley Hunter;12318676-0;66;Female;2017-01-13
838;Kristina Bullock;6791295-0;31;Female;2018-06-24
839;Justin Miles;17107124-0;75;Female;2021-05-17
840;Tracey Rice;8285916-0;52;Female;2004-03-20
841;Noah Grant;13408911-0;32;Male;2016-08-31
842;George Walker;17738247-K;39;Female;2015-06-02
843;Steven Petersen;19429249-0;28;Male;2011-09-09
844;Jon Dennis;15337749-K;73;Female;2016-05-14
845;Kurt Shaffer;15222215-0;29;Female;2014-09-06
846;Zachary Kemp;9120068-0;63;Male;2020-05-27
847;Michael Byrd;8301213-K;47;Male;2005-01-29
848;Diamond Newton;18005111-K;42;Female;2018-06-25
849;Robert Williams;12108782-K;41;Female;2003-01-17
850;Wendy Ramos;6601975-K;40;Male;2011-09-26
851;Christina Foster;17619956-0;33;Male;2005-03-21
852;Steve Davidson;13104305-0;33;Male;2007-10-09
853;Justin Sanders;10868682-0;44;Female;2008-08-04
854;Lauren Sullivan;17216645-K;64;Male;2013-07-02
855;Jessica Clark;16951451-0;62;Female;2004-06-06
856;Cynthia Mcdonald;15497036-K;76;Male;2018-06-05
857;Anthony Wood;14227211-0;41;Female;2001-12-17
858;Ian Rosario;12976883-K;44;Female;2011-11-06
859;Christine Hill;14900898-K;80;Female;2015-02-20
860;Bryan Smith;19072114-K;64;Male;2019-02-03
861;James Gilmore;12433940-0;65;Male;2001-05-06
862;Angela Peters;10089326-K;71;Female;2017-01-22
863;James Cross;5146096-0;27;Male;2007-08-31
864;Alexander Atkinson;5262533-0;33;Male;2008-07-02
865;Ashley Wilson;12154323-0;61;Female;2012-07-14
866;Duane Gilbert;6860973-0;33;Male;2018-11-23
867;Belinda Houston;6554970-K;34;Female;2008-01-10
868;Terri Mata;12963555-K;52;Female;2012-03-25
869;Tamara Doyle;17545772-0;72;Male;2020-08-25
870;Mitchell Weaver;18738784-0;38;Male;2010-10-08
871;Joy Molina;10854653-K;61;Female;2008-11-21
872;Lisa Fitzgerald;9300994-K;49;Male;2000-08-28
873;Daniel Bush;8798154-K;58;Male;2014-07-07
874;Kyle Griffin;8061103-K;46;Male;2008-05-16
875;Cynthia Potter;13587706-K;72;Male;2019-12-22
876;Dr. Omar Warren MD;10983906-K;77;Male;2005-06-24
877;Joshua Young Jr.;9864764-K;28;Female;2007-11-13
878;Sean Willis;7561107-K;26;Male;2004-03-22
879;Nicole Graham;17023798-0;40;Female;2021-12-25
880;Lori Morris;11080845-0;39;Female;2001-01-19
881;Jessica Kelly;20752645-0;43;Female;2015-07-25
882;Angela Horton;18587435-K;51;Male;2016-01-17
883;Lindsay Allen;6583070-K;78;Male;2003-11-14
884;Gabriel Lane;14701250-K;54;Female;2020-01-07
885;April Dunn;14287833-K;30;Male;2018-04-27
886;Kaylee Freeman;8410554-K;45;Male;2020-10-18
887;Terry Roman;6596816-K;48;Male;2005-05-23
888;Sarah Hickman;11022596-K;53;Male;2001-11-19
889;Jessica Middleton;15759521-0;55;Male;2001-10-20
890;Brittany Carter;13272521-0;72;Female;2020-11-05
891;Sean Bennett;13996564-K;25;Female;2008-03-14
892;Alexa Bradshaw;10700684-K;74;Male;2009-12-19
893;Jessica Escobar;9169690-0;72;Male;2011-10-31
894;Christopher Snyder;15731564-0;72;Male;2011-02-15
895;Carrie Rivera;18630160-0;37;Male;2002-04-08
896;Alexis Murray DVM;19225666-K;44;Male;2016-08-03
897;Andrew Callahan;15201077-K;37;Male;2021-09-04
898;Juan Costa;9385153-0;75;Male;2019-12-02
899;Thomas Nelson;13518678-K;33;Male;2001-10-01
900;Maria Whitney;16169249-0;66;Male;2006-04-08
901;Shannon Morton;13067137-0;37;Female;2009-05-28
902;John Shields;7281243-0;58;Female;2016-01-27
903;Alex Hunt;8020015-0;63;Male;2004-02-06
904;Beverly Anderson;14372260-0;46;Female;2010-06-17
905;Grace Fletcher;20728056-K;42;Female;2002-05-28
906;Matthew Lee;5617661-K;73;Male;2019-08-31
907;Martha Adams;8794848-0;51;Male;2013-08-29
908;John Saunders;20816828-K;72;Female;2006-03-21
909;John Jennings;7331865-0;70;Female;2005-05-26
910;Cassie Fischer;11421458-K;28;Female;2019-01-16
911;Jamie Fletcher;19176905-0;60;Male;2004-11-10
912;Kayla Mercer;8878216-0;54;Female;2009-08-28
913;Joshua Gomez;14453105-K;56;Female;2020-03-17
914;Alicia Casey;15797349-K;57;Male;2014-11-28
915;Heidi Johnson;5933832-K;27;Female;2010-01-08
916;Michael Myers;12130042-0;61;Female;2002-10-18
917;Michael Edwards;9897295-0;32;Male;2004-05-10
918;Susan Wilson;12675080-K;59;Female;2005-01-05
919;Kara Woodard;7486132-K;26;Male;2017-04-29
920;Alicia Griffith;15909003-0;39;Female;2007-05-01
921;Steven Logan;17927917-0;39;Male;2019-12-27
922;Natalie White;20047694-K;61;Male;2022-06-23
923;Joy Pennington;8349379-K;44;Male;2021-10-15
924;Justin Chen;10162952-K;56;Female;2003-06-18
925;Joshua Nelson;19981844-K;65;Female;2003-12-05
926;Shaun Morgan;16051853-K;63;Female;2016-09-02
927;Christine Fletcher;11379020-K;40;Female;2004-06-27
928;Craig Higgins;8294445-K;35;Male;2006-08-08
929;Sophia Moore;15530994-K;41;Female;2015-10-27
930;David Miller;7929336-K;68;Female;2000-04-26
931;Rebecca Foster;7453417-K;79;Male;2006-10-13
932;Nancy Davis;20247823-K;46;Male;2009-09-25
933;David Morgan;14360191-K;71;Male;2005-05-16
934;Nicholas Horton;14725451-K;50;Male;2002-05-26
935;Kevin Hicks;8299242-0;64;Female;2001-01-27
936;Mrs. Alicia Nelson MD;18884678-K;56;Female;2017-05-01
937;Melissa Wang;19119538-K;70;Female;2000-07-02
938;Nicole Combs;15815325-0;76;Male;2002-12-12
939;Stephen Bowen;15557175-K;50;Male;2014-07-28
940;Latoya Booth;14775803-0;45;Female;2012-12-23
941;Taylor Johnson;19426810-0;77;Female;2010-04-24
942;Mrs. Heather Lee;5451390-K;61;Male;2015-05-26
943;Michelle Miller;18073615-K;27;Male;2007-09-09
944;Jason Dickerson;16622150-0;53;Female;2004-05-11
945;David Turner;17635818-K;80;Male;2015-03-24
946;Matthew Smith;6156167-0;70;Female;2010-05-10
947;Kaitlyn Cook;9576682-K;43;Female;2007-08-09
948;Amanda Chavez;8344645-0;47;Female;2016-04-18
949;David Miller;7500550-K;76;Male;2010-06-06
950;George Randall;15380487-K;62;Female;2016-09-23
951;Ryan Cox;10039790-0;32;Male;2007-08-16
952;Alan Kerr;9986712-K;32;Male;2011-01-03
953;Andrew Barnes;11587998-0;26;Female;2022-10-10
954;Jennifer Valentine;20843709-K;77;Female;2009-06-14
955;Shawn Page;9710965-0;39;Female;2006-01-10
956;Christina Cunningham;18619370-0;46;Female;2008-01-02
957;Anthony Gonzales;9023820-0;28;Female;2007-03-07
958;Richard Schneider;7940337-0;48;Male;2002-03-31
959;Matthew Copeland;5324666-K;65;Male;2003-08-03
960;Joel Miller;15623176-K;50;Female;2009-05-25
961;Brian Velasquez;12488949-K;46;Female;2022-04-08
962;Sarah House;16712435-K;50;Male;2018-12-30
963;Kylie Allen;11090836-K;66;Female;2001-07-15
964;William Mooney;8601996-0;76;Male;2015-10-17
965;Thomas Turner;7053406-K;60;Female;2018-06-18
966;James Brown;9042962-K;63;Female;2009-06-24
967;Donna Torres;6086829-K;64;Female;2005-04-12
968;Dalton Fox;5137342-K;70;Female;2002-04-30
969;Phillip Williams;20977148-0;42;Male;2008-10-01
970;Deborah Choi;18438017-K;56;Male;2001-01-25
971;Brandon Robinson;10938460-0;38;Male;2003-06-16
972;Daniel Francis;14568608-0;47;Female;2015-02-15
973;Eric Sutton;5110604-0;64;Male;2021-04-29
974;Matthew Richardson;12183183-K;69;Female;2001-06-04
975;Diana Montoya;12167749-0;38;Male;2003-08-18
976;Susan Rowe;9472076-0;67;Male;2011-03-19
977;Brandon Underwood;6627364-0;58;Male;2016-04-21
978;Martha Griffin;14328861-K;50;Male;2012-01-17
979;Christine Garcia;20630706-K;69;Female;2016-09-09
980;Suzanne Armstrong;11602240-K;29;Male;2003-08-10
981;Jennifer Cordova;17664526-K;61;Female;2016-12-26
982;John Eaton;9033973-0;57;Male;2006-09-01
983;Angel Richards;6134359-0;31;Female;2018-10-25
984;Lisa Silva;6690297-K;25;Male;2001-11-08
985;Eric Garcia;19833397-K;39;Male;2006-02-03
986;Victoria Villarreal;9752195-0;31;Male;2007-04-04
987;Natalie Meadows;16586565-K;55;Male;2007-12-22
988;Brandon Peterson;16108207-K;37;Female;2004-03-20
989;Brian Parrish;10216650-0;52;Male;2016-04-25
990;Kathleen Keller;7907799-K;33;Female;2019-08-22
991;Jessica Smith;19749446-0;70;Male;2008-04-04
992;Rhonda Baker;19538173-K;52;Female;2022-10-22
993;Jay Cohen;17641725-K;69;Female;2007-03-25
994;Stephanie Turner;6929579-K;40;Female;2014-11-09
995;Heather Bailey;19569035-K;59;Male;2006-09-25
996;Jonathan Davis;20774514-0;45;Female;2019-09-08
997;Thomas Russell;19273668-0;31;Male;2015-09-09
998;Anna Carroll;17748310-0;69;Male;2022-09-02
999;Dr. John Johnson;20192580-0;27;Male;2020-10-31